first_name,middle_name,last_name,employee_id,other_id,driver's_license_no,license_expiry_date,gender,marital_status,nationality,date_of_birth,address_street_1,address_street_2,city,state/province,zip/postal_code,country,home_telephone,mobile,work_telephone,work_email,other_email
George,Stacie,Watson,EMP1000,OTH1000,FSO-614,2028-05-06,Male,Divorced,Saint Barthelemy,1996-03-31,1223 Davis Bypass Suite 204,Apt. 080,Mendozafurt,South Dakota,83007,Hong Kong,+1-173-602-1765x13455,(092)245-5867x26821,(236)537-1531,julielynn@todd.net,matthew63@gmail.com
Joseph,Tamara,Allen,EMP1001,OTH1001,765-WIU,2029-12-09,Female,Divorced,Saint Vincent and the Grenadines,1996-05-19,6963 Douglas Lodge,Suite 545,Griffintown,North Carolina,79945,Azerbaijan,391.923.2131x99051,(000)388-4307x86057,+1-300-983-4446x984,jeffreygoodman@lowe-hanson.com,xrichardson@yahoo.com
Alexander,Latoya,Kaiser,EMP1002,OTH1002,7AFL374,2029-09-22,Female,Divorced,Norway,1979-02-21,655 Valdez Passage Apt. 517,Suite 966,Lopezfurt,New York,38792,Western Sahara,(382)831-1482x949,001-113-194-3951x8156,166.709.9951,zmacias@delacruz.org,iwoodward@yahoo.com
Melissa,Crystal,Lara,EMP1003,OTH1003,29U I88,2027-08-30,Female,Married,Malta,1967-04-09,896 Michelle Extension Apt. 168,Apt. 293,South Matthewside,Wyoming,99482,Togo,+1-794-356-7590x04981,637.802.1455x494,476-001-0725x590,nicholas71@dalton.biz,daniel91@hotmail.com
Malik,Andrea,Copeland,EMP1004,OTH1004,203 4BT,2027-02-02,Female,Widowed,Jamaica,1991-04-26,34112 Alexandra Vista Apt. 396,Apt. 189,North Jessicaberg,Arkansas,33686,Colombia,+1-881-432-4855x5281,(200)804-3423x703,683.401.3467x1432,joel19@howell.com,martinchristopher@gmail.com
Carla,Kristin,Huff,EMP1005,OTH1005,GZD 829,2027-05-08,Female,Single,Uzbekistan,1995-11-27,375 Briana Prairie Suite 012,Apt. 736,West Debraland,New York,16495,Grenada,001-091-326-6376,+1-231-112-2774x526,001-847-444-5375x45708,karenrodriguez@hernandez-kaiser.biz,cody90@gmail.com
Nicholas,Matthew,Zuniga,EMP1006,OTH1006,42X KP1,2029-09-21,Male,Single,Spain,1972-06-25,58485 Ray Road,Suite 046,Lake Jeffrey,South Carolina,76400,Nigeria,469-924-2012x19622,920.252.6739,336-018-8871x5092,brandonclay@ford-sawyer.org,reedkristin@yahoo.com
Sherri,Peggy,Cook,EMP1007,OTH1007,I92 6FA,2028-08-25,Male,Married,Croatia,1968-02-06,3937 Mclean Radial,Apt. 090,Port Melindaside,Utah,45364,San Marino,152.015.0928x388,104-044-8009,+1-368-637-1665x98734,prangel@ellis.com,arivera@gmail.com
Jennifer,Jo,Hamilton,EMP1008,OTH1008,066-235,2028-11-27,Other,Divorced,Canada,1982-03-07,667 Jessica Camp Apt. 729,Apt. 332,West Calebbury,Arkansas,88648,South Georgia and the South Sandwich Islands,499.188.7367,+1-542-335-2725x86711,001-881-027-4857x5347,christy30@anderson-brown.com,wcruz@yahoo.com
Christopher,Alyssa,Stephens,EMP1009,OTH1009,B05 4ZH,2030-06-28,Male,Widowed,France,1980-05-15,610 Christine Lane,Suite 576,Martinfurt,Oklahoma,33750,Northern Mariana Islands,482-155-1648,+1-323-649-5810x86014,085-497-3653,meagan11@gilbert-carson.com,debra41@yahoo.com
Manuel,Kimberly,Klein,EMP1010,OTH1010,I03 3LH,2029-04-25,Male,Divorced,Kuwait,1993-03-23,131 Scott Road Apt. 228,Suite 478,Harrisontown,California,71468,Western Sahara,+1-549-733-7356x3697,(845)643-2499x279,486-129-8431x832,paulfranco@holt.com,fwalton@hotmail.com
Eric,Maria,Parker,EMP1011,OTH1011,738MU,2027-01-28,Male,Married,Colombia,1982-03-15,217 Kim Bypass,Suite 449,Cynthiachester,Utah,57415,Turkey,111.454.7570x99380,619-300-7962,+1-864-324-9570x60500,kevinwalker@underwood.com,brendaserrano@gmail.com
Jodi,Chelsea,Kim,EMP1012,OTH1012,ZNJ 957,2027-11-13,Female,Single,United Arab Emirates,1983-05-01,277 Wall Ferry Apt. 842,Apt. 810,East Stevenfort,Wisconsin,92798,Finland,1261623202,6628849294,(744)668-6201x569,lisagarza@williams-campbell.com,nathan67@hotmail.com
Kelly,Brandy,Lee,EMP1013,OTH1013,IT0 2663,2027-05-20,Other,Married,Aruba,1990-11-15,17921 Daniel Tunnel,Apt. 927,East Jamesmouth,South Carolina,22763,Austria,(791)106-5760x8980,+1-004-529-4537x061,439.094.9831,edward62@abbott.com,danielwatson@hotmail.com
Brittany,Robert,Wilson,EMP1014,OTH1014,5F TA021,2028-02-05,Other,Widowed,French Polynesia,1965-07-06,9316 Rodney Burg Apt. 238,Apt. 638,Samuelburgh,New Mexico,05621,Gambia,872.761.2599x953,(791)351-7907x011,566-281-5724x524,elizabethtaylor@west.biz,melissa06@yahoo.com
Jeffrey,Vincent,Johnson,EMP1015,OTH1015,933 FLY,2028-06-18,Other,Single,Cayman Islands,1988-06-05,11084 Holland Cliff,Apt. 136,Donovanmouth,Virginia,71038,Mauritius,001-042-671-5099x02356,984-230-0128x47466,001-357-584-1798x682,rhendricks@leon.biz,leslieyoung@gmail.com
Mark,Jennifer,Cardenas,EMP1016,OTH1016,051 EJA,2028-07-03,Other,Single,Ukraine,1981-09-04,898 James Port,Apt. 354,Amandafurt,Maryland,21051,Botswana,255-336-4730x23800,813.847.6706x1636,865-859-0705,alice61@cantrell.net,sarahstevens@hotmail.com
Diana,Marc,Arellano,EMP1017,OTH1017,067-XOS,2026-10-22,Male,Widowed,Kyrgyz Republic,1980-04-28,8550 Myers Ridges,Apt. 068,North Patrick,Illinois,94541,China,4477638618,001-489-498-7804x48009,677-057-5021,juliedavenport@ramirez.com,laura28@yahoo.com
James,Jacqueline,Villanueva,EMP1018,OTH1018,QUP-761,2027-07-04,Male,Married,Haiti,1974-01-11,6706 Nolan Pines,Suite 127,Richardberg,West Virginia,63885,Ghana,(464)320-4975,470.420.4144,1601314832,vcampbell@mora.info,manderson@gmail.com
Sydney,Gregory,Fowler,EMP1019,OTH1019,7-23767R,2030-06-05,Other,Widowed,San Marino,1974-10-31,507 Castaneda Lane,Suite 775,Jonesmouth,Illinois,69456,Puerto Rico,+1-917-592-6300x1039,907-142-6922x5793,3131613506,howardanthony@woods.com,herrerachristopher@hotmail.com
Justin,Randall,Moore,EMP1020,OTH1020,871-NIJ,2029-10-12,Other,Married,Marshall Islands,1968-01-23,457 Horton Locks,Suite 934,North Johnside,Oregon,31475,Kuwait,999.437.5106,577-467-7001x6536,(214)457-2411,codyrogers@montgomery.com,carrollwilliam@gmail.com
Cathy,Sarah,Sanchez,EMP1021,OTH1021,424 WRO,2028-11-28,Male,Divorced,Czech Republic,2002-09-22,7454 David Mountains Apt. 149,Apt. 915,Phillipsstad,Kansas,36887,Slovenia,918-333-9713x5857,+1-119-561-9546x5777,+1-651-475-4895,madison95@nolan.info,wtorres@hotmail.com
Holly,Peter,Gomez,EMP1022,OTH1022,175-EQRV,2030-05-23,Female,Single,Antarctica (the territory South of 60 deg S),1980-02-25,47237 Jackson Locks Suite 322,Apt. 966,Nunezview,Rhode Island,36646,Macedonia,(174)361-2667x67345,9285655798,744-181-4685x9719,christopher79@evans.biz,kathleenunderwood@yahoo.com
Lance,Mitchell,Miller,EMP1023,OTH1023,068-HNW,2027-05-21,Other,Widowed,Macedonia,1999-09-18,17065 Harris Place Suite 230,Apt. 496,West Destinyville,Arizona,64806,Namibia,6683880295,954-700-8373x573,299.255.3901x6302,heathersharp@palmer.net,uhenderson@gmail.com
Erica,Christopher,Hernandez,EMP1024,OTH1024,342718,2029-04-27,Female,Single,Algeria,1970-09-26,107 Greg Turnpike,Apt. 701,Craigport,Maine,59706,Eritrea,856-875-1362x91891,576.828.4583,(637)788-3675,jessica83@prince.com,bjones@hotmail.com
Stephanie,Albert,Fritz,EMP1025,OTH1025,102-IJF,2029-08-07,Female,Single,Saint Pierre and Miquelon,1978-11-23,87625 Robert Harbor Apt. 712,Apt. 896,Bryantport,Delaware,93646,Japan,+1-023-889-5508x228,+1-969-502-0774,225.957.8352,lopezjoseph@park.com,troysilva@gmail.com
Jessica,Monique,Chambers,EMP1026,OTH1026,9-65104,2029-03-11,Female,Divorced,Liberia,2000-07-03,2936 Hernandez Throughway Suite 033,Apt. 086,New Tiffanybury,Maine,14992,Peru,(182)178-9649,379-717-2337x63355,148.471.3117x148,thomashouston@butler.com,kleinjennifer@gmail.com
Vickie,Timothy,Hunter,EMP1027,OTH1027,94-VZ72,2029-07-19,Female,Divorced,Zimbabwe,1974-05-15,4335 Nguyen Inlet Apt. 420,Suite 996,New Emily,Indiana,51435,Luxembourg,687-658-8799x723,117.791.3505,120-620-3397x2362,simmonsdawn@bell-reeves.com,gabrielcooke@yahoo.com
Timothy,Nicole,Miller,EMP1028,OTH1028,977 VMB,2029-02-17,Female,Married,Japan,1983-03-02,6023 Miller Bypass,Apt. 156,Thompsonstad,Vermont,87909,Samoa,8993416185,224-871-3954x1624,638-815-8499,kingvincent@diaz-ayala.net,latoyaroth@gmail.com
Amy,Travis,Anderson,EMP1029,OTH1029,2MA 009,2026-09-03,Male,Single,Barbados,1970-03-07,22026 Coleman Rapids,Suite 758,Fisherview,Alaska,94769,Paraguay,7968183204,1214407446,326-953-3370,morrisonmichael@wilson-whitaker.com,tina82@hotmail.com
Christopher,Kimberly,Hardin,EMP1030,OTH1030,77-I799,2027-12-09,Male,Widowed,United States Minor Outlying Islands,1966-02-08,5975 Jeffrey Spurs,Apt. 264,North John,Idaho,20482,Iraq,748.347.3910x6533,(680)288-2081x542,0904470548,kjohnston@hernandez-jordan.net,kristina95@hotmail.com
Javier,Tracie,Short,EMP1031,OTH1031,972XXO,2029-08-08,Other,Divorced,Cayman Islands,1982-06-17,20916 Atkins Inlet,Suite 346,North Kevin,Idaho,66213,Heard Island and McDonald Islands,860.129.4936,(051)831-8274,055-679-9617,bellmelanie@olson.com,dhuber@hotmail.com
Chelsea,Beth,Andrews,EMP1032,OTH1032,4MD91,2029-07-15,Female,Widowed,Ecuador,1982-07-04,606 Brenda Bridge Apt. 096,Suite 905,East Cindybury,Nebraska,15024,Tunisia,(076)775-8699,(765)335-8118x046,694.843.9747,charlene89@blevins.com,gabrielabaker@gmail.com
Gary,Joseph,Greene,EMP1033,OTH1033,602C2,2030-06-08,Other,Divorced,Congo,1969-08-11,681 Michael Gardens,Apt. 321,Smithland,Colorado,42421,Western Sahara,426.172.0743x885,023-156-7357,001-216-519-0051x893,andrea90@taylor.org,rallen@yahoo.com
Joshua,Jessica,Barr,EMP1034,OTH1034,902 BMB,2027-04-08,Other,Single,Maldives,1977-10-25,02958 Ray Keys Apt. 911,Suite 394,Connieport,North Dakota,22241,Slovenia,002.434.0976,(037)893-7151x40645,+1-372-955-5429x30897,browntara@jarvis.com,kennethjohnson@hotmail.com
Alec,Shawn,Williams,EMP1035,OTH1035,6306 FZ,2029-04-03,Female,Single,China,1965-10-09,578 Andrew Locks Apt. 672,Apt. 890,East Ashleyland,Pennsylvania,19378,Guatemala,737.032.6197x9477,170.061.2275x975,(311)276-5293x1920,vlong@miller.com,lclark@hotmail.com
Angela,Martha,Rush,EMP1036,OTH1036,53VB611,2029-04-29,Female,Divorced,Cook Islands,1974-08-19,380 Karen Crescent,Suite 380,Port Larry,Connecticut,92352,Uzbekistan,332-442-0071,355.374.6841x110,151.984.7510x721,lruiz@wallace.info,anthonysolomon@hotmail.com
Anne,Julia,Key,EMP1037,OTH1037,505-627,2026-07-28,Female,Widowed,Guyana,1977-04-15,7487 Todd Falls,Apt. 151,East Johnstad,Colorado,97748,Lao People's Democratic Republic,001-326-295-6638x09928,(129)648-4676,906-361-2569x36011,thomaspacheco@blair-gonzales.com,abbottandrew@hotmail.com
April,Patrick,Valenzuela,EMP1038,OTH1038,903 UIR,2029-10-11,Female,Married,Cuba,1981-01-08,02320 Lee Rue Apt. 741,Apt. 939,New Traceyfort,Utah,28753,Palau,279-957-2545,(458)540-3144,783.926.0191x6875,lisa04@hall.com,larryramsey@gmail.com
Eddie,Jeanette,Strong,EMP1039,OTH1039,111-RWE,2026-10-12,Female,Married,Ecuador,1979-01-13,15975 Rowe Lodge,Suite 011,North Teresa,Hawaii,70410,Norway,675.360.1123x0942,(136)002-2890,633-742-4457x215,lholden@benson-vance.com,gregorygregory@gmail.com
Ashley,Michael,Robertson,EMP1040,OTH1040,885 CXW,2029-06-23,Female,Widowed,Brazil,1992-09-25,8365 Susan Ranch Apt. 223,Apt. 855,Brandonburgh,Mississippi,11477,Estonia,001-901-122-0607x861,075.073.3880,115.238.5790,hughesbrenda@king.com,shanecrawford@hotmail.com
Mike,Ana,Sullivan,EMP1041,OTH1041,UUR9536,2028-06-11,Other,Divorced,Grenada,1994-07-12,5272 Michael Junctions,Apt. 381,East Stephaniechester,Virginia,73825,Bahrain,366.018.6271x6987,+1-045-121-9270x2689,2035889327,michael73@lang.info,stacygomez@hotmail.com
Robert,Steven,Jackson,EMP1042,OTH1042,666A8,2028-08-09,Other,Divorced,Korea,2000-11-07,6430 Bailey Fort Suite 897,Apt. 039,New Bobby,Rhode Island,22243,Sao Tome and Principe,013-164-0470,858.392.5838x075,(923)768-0121x240,zgarcia@carpenter-morgan.com,heidi41@yahoo.com
Adam,Michael,Smith,EMP1043,OTH1043,894MU,2028-03-27,Male,Married,Honduras,1978-03-13,636 Holly Ville,Apt. 774,Johnsonview,Idaho,56735,Faroe Islands,(880)682-6731x612,001-987-494-1811x84230,+1-840-447-1763x92369,hmoss@peters.com,ortegakaren@yahoo.com
Sean,Christopher,Kane,EMP1044,OTH1044,3ID2262,2029-03-19,Female,Single,Maldives,2002-06-17,79174 Jennifer Wells Suite 828,Suite 224,New Rebecca,Alaska,06297,China,(718)041-2458x43834,9404311520,389.930.0571,holouis@hill.com,erica23@gmail.com
Edwin,Jeremy,Lawrence,EMP1045,OTH1045,268-SLP,2028-10-17,Other,Divorced,Jersey,1993-07-01,78254 French Forks Apt. 346,Apt. 087,Jimmyview,Connecticut,63157,Namibia,515-400-9999,001-777-531-9423x8338,866-625-0787x1993,oweber@rice.net,mahoneydonald@hotmail.com
David,Christy,Barker,EMP1046,OTH1046,14-H764,2027-11-29,Other,Single,Ghana,1989-01-07,9880 Samuel Meadows Apt. 765,Apt. 013,Port Sandraside,Texas,76344,Kiribati,(301)919-1556,+1-344-391-2823x9658,+1-175-286-1827x6054,cassandraguerra@martinez.info,khardy@gmail.com
Melvin,Danielle,Davis,EMP1047,OTH1047,ZP 38289,2028-06-04,Female,Single,Spain,1974-03-24,606 Lisa Lodge,Apt. 804,New Christopherchester,New Mexico,22092,Botswana,(140)068-5855x69989,(655)945-0723x37121,990.897.4301x06350,johnrichardson@rodriguez.info,sydneyballard@yahoo.com
Janice,Amanda,Petty,EMP1048,OTH1048,308AAS,2030-04-04,Male,Married,Latvia,1996-08-09,28963 Contreras Ports Suite 889,Apt. 996,West Jamesstad,Oregon,79219,Guam,(962)809-4281x485,486-295-9101,547.486.9440x567,robin38@burgess.com,tgilbert@gmail.com
Steven,Joshua,Allen,EMP1049,OTH1049,9V WP307,2028-05-05,Male,Married,Angola,1987-08-08,7584 Lucero Isle Apt. 641,Suite 836,New Lori,Connecticut,80768,Armenia,7144896508,034.898.3069x17164,(784)457-5984x3695,natasha80@holmes-donovan.net,bsullivan@yahoo.com
Angela,Tracey,Jones,EMP1050,OTH1050,CW-9565,2027-10-03,Male,Widowed,United Arab Emirates,1968-07-21,063 Brittany Unions,Suite 739,South Natalieburgh,Arkansas,06698,Isle of Man,(827)700-3818x729,(847)115-7567x6833,+1-326-267-8153x127,kevin23@smith-lewis.info,andersonkyle@yahoo.com
John,Nancy,Green,EMP1051,OTH1051,819-UYL,2026-12-30,Female,Single,United Kingdom,1993-04-20,5774 Kaylee Island,Suite 140,Amandaport,Utah,84591,Saint Martin,893-069-5514,+1-456-145-1787x9324,290.847.7378x3161,uhall@houston-acosta.com,sandersvickie@hotmail.com
Veronica,Arthur,Martinez,EMP1052,OTH1052,57J 0866,2028-12-08,Female,Widowed,San Marino,1995-02-21,432 Victoria Forest,Suite 966,Glovermouth,Arizona,61265,Guyana,(748)583-1279,+1-458-626-3750x944,868.611.8274x391,watsonelizabeth@garcia-irwin.com,freemanandres@yahoo.com
Donna,Michael,Steele,EMP1053,OTH1053,DOZ-0737,2028-02-20,Male,Single,Denmark,1999-08-04,300 Hall Street,Suite 114,Hunterside,Maryland,23110,French Polynesia,(990)690-3820,+1-841-749-3549x2960,6409638285,rconner@clark-phillips.info,connernancy@hotmail.com
Robin,Michael,Cline,EMP1054,OTH1054,2T A9624,2027-11-15,Male,Married,Romania,1969-01-26,363 Nichols Center,Suite 558,North Julie,Washington,37965,Malaysia,001-143-769-7437x185,+1-115-435-1052x0582,335-113-0444,piercecody@garcia.com,steven16@hotmail.com
Lisa,Zachary,Ramos,EMP1055,OTH1055,2YN 584,2029-10-08,Male,Divorced,Lebanon,1969-12-15,533 Murphy Station Apt. 708,Suite 289,Lake Cynthia,California,80812,United States of America,001-123-014-2648x320,743.835.5778x191,0160161098,landerson@phillips-miller.com,tanyaellis@yahoo.com
Michael,Loretta,Harris,EMP1056,OTH1056,754 YTD,2026-08-18,Female,Single,Faroe Islands,1999-08-27,41919 Jessica Spurs Apt. 233,Suite 004,Lake Tracyview,Alaska,42582,Morocco,8366376697,350.248.7332,+1-505-146-4538x042,camposashley@young.info,leah10@hotmail.com
William,Heidi,Matthews,EMP1057,OTH1057,710-CHP,2030-02-26,Male,Single,Estonia,1980-06-23,83566 James Throughway,Suite 814,East Miguelland,Missouri,02736,Sri Lanka,073.499.5561,568.804.6035,001-590-570-0700,alan70@harding.com,npowers@yahoo.com
Amanda,Melissa,Thompson,EMP1058,OTH1058,XBK 713,2026-07-22,Other,Married,Armenia,1997-10-24,12502 Daniel Point,Suite 371,South Julianmouth,Georgia,39375,Saint Barthelemy,+1-118-819-9545x327,879-342-6842,(429)625-6260x151,ydeleon@estrada-simmons.biz,regina12@hotmail.com
Margaret,William,Salas,EMP1059,OTH1059,892 MMM,2028-03-02,Female,Widowed,French Southern Territories,1972-12-04,93680 Amber Wells Apt. 301,Apt. 908,East Davidmouth,New Mexico,31243,Sri Lanka,730.853.8826x69936,890.913.3407x171,(326)822-3185,ianmaddox@nicholson-neal.net,awood@hotmail.com
